case_id,district,state,student_candidate_id,latitude,longitude,student_class,student_confidence,student_reported_capture,current_center_capture,current_crop_dates,date_matches,independent_assessment,provisional_regions
"C01","Fatehabad","Haryana","sw_fatehabad_75p5813_29p5233_r32553_4","29.51361753183584","75.59049725532532","1","0.824","2022-09-29","2021-01-31","2021-01-31","false","not-a-field","47"
"C02","Fatehabad","Haryana","sw_fatehabad_75p3651_29p4945_r32553_0","29.489796941688205","75.36734819412231","1","0.745","2022-11-05","2022-11-05","2022-11-05","true","burned-looking","70"
"C03","Fatehabad","Haryana","sw_fatehabad_75p2642_29p2927_r32553_0","29.296242544763558","75.2639651298523","2","0.757","2023-09-09","2023-09-09","2023-09-09","true","uncertain","64"
"C04","Fatehabad","Haryana","sw_fatehabad_75p7255_29p5233_r32553_1","29.512403760361593","75.71696877479553","1","0.5","2022-09-29","2022-05-14","2022-05-09; 2022-05-14","false","uncertain","59"
"C05","Fatehabad","Haryana","sw_fatehabad_75p3651_29p5089_r32553_0","29.507875330650048","75.36078214645386","1","0.827","2022-11-05","2022-11-05","2022-11-05","true","uncertain","63"
"C06","Fatehabad","Haryana","sw_fatehabad_75p3651_29p5089_r32553_1","29.517585529307592","75.37447214126587","2","0.674","2022-11-05","2023-04-17","2022-11-05; 2023-04-17","false","uncertain","49"
"C07","Fatehabad","Haryana","sw_fatehabad_75p3507_29p5233_r32553_0","29.531925041669584","75.34775733947754","2","0.567","2022-11-05","2022-11-05","2022-11-05","true","uncertain","62"
"C08","Fatehabad","Haryana","sw_fatehabad_75p3651_29p4801_r32553_0","29.47425591322126","75.3770899772644","1","0.55","2022-11-05","2022-10-22","2022-10-22","false","uncertain","54"
"C09","Fatehabad","Haryana","sw_fatehabad_75p2498_29p2783_r32553_0","29.27928691927473","75.244460105896","2","0.619","2023-09-09","2023-09-09","2023-09-09","true","not-a-field","58"
"C10","Fatehabad","Haryana","sw_fatehabad_75p2498_29p3071_r32553_0","29.304073745894307","75.26086449623108","1","0.415","2023-09-09","2023-09-09","2023-09-09","true","not-a-field","65"
"C11","Fatehabad","Haryana","sw_fatehabad_75p2786_29p2639_r32553_2","29.266558994138947","75.2892529964447","1","0.477","2023-09-09","2023-09-09","2023-09-09","true","uncertain","56"
"C12","Fatehabad","Haryana","sw_fatehabad_75p5669_29p5233_r32553_1","29.51362686848307","75.56312799453735","2","0.718","2022-09-29","2021-04-29","2021-04-29","false","burned-looking","45"
"C13","Fatehabad","Haryana","sw_fatehabad_75p6678_29p5233_r32553_0","29.5131226882999","75.67357063293457","2","0.751","2022-09-29","2022-05-14","2022-05-14","false","burned-looking","69"
"C14","Fatehabad","Haryana","sw_fatehabad_75p7543_29p5233_r32553_0","29.53111289702977","75.76650381088257","1","0.741","2022-09-29","2022-05-09","2021-06-06; 2022-05-09; 2022-09-29","false","uncertain","47"
"C15","Fatehabad","Haryana","sw_fatehabad_75p7255_29p5233_r32553_0","29.511880900471873","75.72833061218262","2","0.838","2022-09-29","2022-05-14","2022-05-09; 2022-05-14","false","uncertain","70"
"C16","Fatehabad","Haryana","sw_fatehabad_75p5813_29p5233_r32553_2","29.512851923831665","75.57957530021667","2","0.69","2022-09-29","2021-04-29","2021-01-31; 2021-04-29","false","uncertain","48"
"C17","Fatehabad","Haryana","sw_fatehabad_75p5813_29p5233_r32553_10","29.51739880350317","75.5704128742218","2","0.676","2022-09-29","2021-04-29","2021-04-29","false","uncertain","43"
"C18","Fatehabad","Haryana","sw_fatehabad_75p7543_29p5233_r32553_1","29.519630154323963","75.75795292854309","1","0.629","2022-09-29","2022-05-09","2022-05-09; 2022-09-29","false","uncertain","64"
"C19","Fatehabad","Haryana","sw_fatehabad_75p7543_29p5233_r32553_3","29.51151676431036","75.75979828834534","2","0.629","2022-09-29","2022-05-14","2022-05-09; 2022-05-14","false","burned-looking","62"
"C20","Fatehabad","Haryana","sw_fatehabad_75p7399_29p5233_r32553_0","29.51180620598143","75.73975682258606","1","0.609","2022-09-29","2022-05-14","2022-05-09; 2022-05-14","false","uncertain","45"
"C21","Fatehabad","Haryana","sw_fatehabad_75p7399_29p5233_r32553_1","29.52907783928896","75.73636651039124","1","0.609","2022-09-29","2022-09-29","2022-09-29","true","unburned-looking","42"
"C22","Fatehabad","Haryana","sw_fatehabad_75p3651_29p5089_r32553_2","29.516334459838983","75.36218762397766","1","0.607","2022-11-05","2022-11-05","2022-11-05","true","uncertain","66"
"C23","Fatehabad","Haryana","sw_fatehabad_75p7255_29p5233_r32553_2","29.532755849553016","75.72605609893799","1","0.582","2022-09-29","2022-09-29","2022-09-29","true","unburned-looking","56"
"C24","Fatehabad","Haryana","sw_fatehabad_75p6678_29p5233_r32553_3","29.519947580987033","75.6608784198761","1","0.579","2022-09-29","2022-05-09","2022-05-09; 2022-09-29","false","uncertain","63"
"C25","Fatehabad","Haryana","sw_fatehabad_75p2786_29p2639_r32553_1","29.25293087078874","75.27265548706055","2","0.552","2023-09-09","2023-09-09","2023-09-09","true","uncertain","64"
"C26","Fatehabad","Haryana","sw_fatehabad_75p6101_29p5233_r32553_1","29.513738908182706","75.61296343803406","1","0.538","2022-09-29","2021-01-31","2021-01-31","false","unburned-looking","56"
"C27","Fatehabad","Haryana","sw_fatehabad_75p6678_29p5233_r32553_6","29.511964931707734","75.65744519233704","1","0.532","2022-09-29","2021-01-31","2021-01-31; 2022-05-09","false","not-a-field","70"
"C28","Fatehabad","Haryana","sw_fatehabad_75p2642_29p2783_r32553_0","29.28155157513362","75.26524186134338","2","0.527","2023-09-09","2023-09-09","2023-09-09","true","uncertain","63"
"C29","Fatehabad","Haryana","sw_fatehabad_75p2786_29p2639_r32553_0","29.25814459124917","75.26863217353821","2","0.513","2023-09-09","2023-09-09","2023-09-09","true","not-a-field","57"
"C30","Fatehabad","Haryana","sw_fatehabad_75p7399_29p5233_r32553_5","29.51822973068812","75.73575496673584","2","0.496","2022-09-29","2022-05-09","2022-05-09; 2022-09-29","false","uncertain","61"
"C31","Fatehabad","Haryana","sw_fatehabad_75p2642_29p2927_r32553_1","29.290282195888846","75.25919079780579","2","0.474","2023-09-09","2023-09-09","2023-09-09","true","not-a-field","66"
"C32","Fatehabad","Haryana","sw_fatehabad_75p2786_29p2639_r32553_3","29.252902788989545","75.27795553207397","1","0.456","2023-09-09","2023-09-09","2023-09-09","true","not-a-field","46"
"C33","Fatehabad","Haryana","sw_fatehabad_75p5957_29p5233_r32553_1","29.516315787043204","75.59487462043762","1","0.449","2022-09-29","2021-01-31","2021-01-31","false","not-a-field","64"
"C34","Fatehabad","Haryana","sw_fatehabad_75p3507_29p5233_r32553_2","29.516623887732962","75.34408807754517","1","0.447","2022-11-05","2022-11-05","2022-11-05","true","uncertain","60"
"C35","Fatehabad","Haryana","sw_fatehabad_75p2498_29p3071_r32553_1","29.312549852869456","75.25563955307007","2","0.417","2023-09-09","2020-11-18","2020-11-18; 2023-09-09","false","uncertain","61"
"C36","Fatehabad","Haryana","sw_fatehabad_75p6246_29p5233_r32553_0","29.511451406399118","75.62761902809143","1","0.412","2022-09-29","2021-02-05","2021-01-31; 2021-02-05; 2022-05-09","false","not-a-field","63"
"C37","Fatehabad","Haryana","null","29.494596993903265","75.3607177734375","null","null","null","2022-11-05","2022-11-05","null","null","70"
"C38","Fatehabad","Haryana","null","29.536424391519873","75.34286499023438","null","null","null","2022-11-05","2022-11-05","null","null","42"
"C39","Fatehabad","Haryana","null","29.51850048076899","75.55709838867188","null","null","null","2022-09-29","2023-04-17; 2021-04-29; 2022-09-29","null","null","61"
"C40","Fatehabad","Haryana","null","29.517305440471745","75.6683349609375","null","null","null","2022-05-09","2022-05-09; 2022-05-14; 2022-09-29","null","null","61"
"C41","Fatehabad","Haryana","null","29.301968643332767","75.26870727539062","null","null","null","2023-09-09","2023-09-09","null","null","61"
"C42","Fatehabad","Haryana","null","29.494596993903265","75.3662109375","null","null","null","2022-11-05","2022-11-05","null","null","70"
"C43","Fatehabad","Haryana","null","29.536424391519873","75.34835815429688","null","null","null","2022-11-05","2022-11-05","null","null","50"
"C44","Fatehabad","Haryana","null","29.51850048076899","75.56259155273438","null","null","null","2021-04-29","2021-04-29; 2022-09-29","null","null","49"
"C45","Fatehabad","Haryana","null","29.517305440471745","75.673828125","null","null","null","2022-05-14","2022-05-09; 2022-05-14; 2022-09-29","null","null","59"
"C46","Fatehabad","Haryana","null","29.297178203733313","75.25772094726562","null","null","null","2023-09-09","2023-09-09","null","null","53"
"C47","Fatehabad","Haryana","null","29.494596993903265","75.3717041015625","null","null","null","2022-11-05","2022-11-05","null","null","70"
"C48","Fatehabad","Haryana","null","29.536424391519873","75.35385131835938","null","null","null","2022-11-05","2022-11-05","null","null","70"
"C49","Fatehabad","Haryana","null","29.513720234908053","75.55709838867188","null","null","null","2021-04-29","2023-04-17; 2021-04-29","null","null","36"
"C50","Fatehabad","Haryana","null","29.517305440471745","75.6793212890625","null","null","null","2022-05-09","2022-05-09; 2022-05-14","null","null","71"
"C51","Fatehabad","Haryana","null","29.297178203733313","75.26870727539062","null","null","null","2023-09-09","2023-09-09","null","null","61"
"C52","Fatehabad","Haryana","null","29.489815619374944","75.3607177734375","null","null","null","2022-11-05","2022-11-05","null","null","69"
"C53","Fatehabad","Haryana","null","29.531644992530452","75.34286499023438","null","null","null","2022-11-05","2022-11-05","null","null","43"
"C54","Fatehabad","Haryana","null","29.50893976326839","75.55709838867188","null","null","null","2021-04-29","2023-04-17; 2021-04-29","null","null","30"
"C55","Fatehabad","Haryana","null","29.512525138164005","75.6683349609375","null","null","null","2022-05-09","2022-05-09; 2022-05-14","null","null","70"
"C56","Fatehabad","Haryana","null","29.2923875393859","75.26870727539062","null","null","null","2023-09-09","2023-09-09","null","null","60"
"C57","Fatehabad","Haryana","null","29.489815619374944","75.3717041015625","null","null","null","2022-11-05","2022-11-05; 2023-04-17","null","null","70"
"C58","Fatehabad","Haryana","null","29.531644992530452","75.35385131835938","null","null","null","2022-11-05","2022-11-05","null","null","51"
"C59","Fatehabad","Haryana","null","29.50893976326839","75.56259155273438","null","null","null","2021-04-29","2021-04-29","null","null","60"
"C60","Fatehabad","Haryana","null","29.512525138164005","75.6793212890625","null","null","null","2022-05-14","2022-05-14","null","null","70"
"C61","Fatehabad","Haryana","null","29.306758858161302","75.25222778320312","null","null","null","2023-09-09","2020-11-18; 2023-09-09","null","null","61"
"C62","Fatehabad","Haryana","null","29.485034019181064","75.3607177734375","null","null","null","2022-11-05","2022-11-05","null","null","67"
"C63","Fatehabad","Haryana","null","29.52686536767757","75.34286499023438","null","null","null","2022-11-05","2022-11-05","null","null","50"
"C64","Fatehabad","Haryana","null","29.50893976326839","75.56808471679688","null","null","null","2021-04-29","2021-04-29","null","null","69"
"C65","Fatehabad","Haryana","null","29.507744610083193","75.6683349609375","null","null","null","2022-05-14","2021-01-31; 2022-05-09; 2022-05-14","null","null","58"
"C66","Fatehabad","Haryana","null","29.306758858161302","75.26870727539062","null","null","null","2023-09-09","2023-09-09","null","null","65"
"C67","Fatehabad","Haryana","null","29.485034019181064","75.3662109375","null","null","null","2022-11-05","2022-11-05","null","null","66"
"C68","Fatehabad","Haryana","null","29.52686536767757","75.34835815429688","null","null","null","2022-11-05","2022-11-05","null","null","57"
"C69","Fatehabad","Haryana","null","29.52328050082859","75.55160522460938","null","null","null","2023-04-17","2023-04-17","null","null","63"
"C70","Fatehabad","Haryana","null","29.507744610083193","75.673828125","null","null","null","2022-05-14","2022-05-14","null","null","57"
"C71","Fatehabad","Haryana","null","29.306758858161302","75.27420043945312","null","null","null","2023-09-09","2023-09-09","null","null","55"
"C72","Fatehabad","Haryana","null","29.485034019181064","75.3717041015625","null","null","null","2022-11-05","2022-11-05; 2023-04-17","null","null","61"
"C73","Fatehabad","Haryana","null","29.52686536767757","75.35385131835938","null","null","null","2022-11-05","2022-11-05","null","null","20"
"C74","Fatehabad","Haryana","null","29.52328050082859","75.55709838867188","null","null","null","2022-09-29","2023-04-17; 2022-09-29","null","null","49"
"C75","Fatehabad","Haryana","null","29.507744610083193","75.6793212890625","null","null","null","2022-05-14","2022-05-14","null","null","65"
"C76","Fatehabad","Haryana","null","29.301968643332767","75.25222778320312","null","null","null","2023-09-09","2023-09-09","null","null","65"
"C77","Fatehabad","Haryana","null","29.49937814274336","75.355224609375","null","null","null","2022-11-05","2022-11-05","null","null","61"
"C78","Fatehabad","Haryana","null","29.541203564623245","75.33737182617188","null","null","null","2022-11-05","2022-11-05","null","null","64"
"C79","Fatehabad","Haryana","null","29.52328050082859","75.56259155273438","null","null","null","2022-09-29","2022-09-29","null","null","58"
"C80","Fatehabad","Haryana","null","29.522085516983797","75.6683349609375","null","null","null","2022-09-29","2022-05-09; 2022-09-29","null","null","48"
"C81","Fatehabad","Haryana","null","29.301968643332767","75.27420043945312","null","null","null","2023-09-09","2023-09-09","null","null","43"
"C82","Fatehabad","Haryana","null","29.49937814274336","75.3607177734375","null","null","null","2022-11-05","2022-11-05","null","null","40"
"C83","Fatehabad","Haryana","null","29.541203564623245","75.34286499023438","null","null","null","2022-11-05","2022-11-05","null","null","45"
"C84","Fatehabad","Haryana","null","29.52328050082859","75.56808471679688","null","null","null","2022-09-29","2022-09-29","null","null","60"
"C85","Fatehabad","Haryana","null","29.522085516983797","75.673828125","null","null","null","2022-09-29","2022-05-09; 2022-09-29","null","null","45"
"C86","Fatehabad","Haryana","null","29.297178203733313","75.25222778320312","null","null","null","2023-09-09","2023-09-09","null","null","54"
"C87","Fatehabad","Haryana","null","29.49937814274336","75.3662109375","null","null","null","2022-11-05","2022-11-05","null","null","61"
"C88","Fatehabad","Haryana","null","29.541203564623245","75.34835815429688","null","null","null","2022-11-05","2022-11-05","null","null","60"
"C89","Fatehabad","Haryana","null","29.52328050082859","75.57357788085938","null","null","null","2022-09-29","2022-09-29","null","null","48"
"C90","Fatehabad","Haryana","null","29.522085516983797","75.6793212890625","null","null","null","2022-05-09","2022-05-09; 2022-09-29","null","null","67"
"C91","Fatehabad","Haryana","null","29.297178203733313","75.27420043945312","null","null","null","2023-09-09","2023-09-09","null","null","46"
"C92","Fatehabad","Haryana","null","29.49937814274336","75.3717041015625","null","null","null","2022-11-05","2022-11-05","null","null","71"
"C93","Fatehabad","Haryana","null","29.541203564623245","75.35385131835938","null","null","null","2022-11-05","2022-11-05","null","null","70"
"C94","Fatehabad","Haryana","null","29.51850048076899","75.55160522460938","null","null","null","2023-04-17","2023-04-17","null","null","62"
"C95","Fatehabad","Haryana","null","29.522085516983797","75.684814453125","null","null","null","2022-05-09","2022-05-09","null","null","58"
"C96","Fatehabad","Haryana","null","29.2923875393859","75.25222778320312","null","null","null","2023-09-09","2023-09-09","null","null","60"
"C97","Fatehabad","Haryana","null","29.49937814274336","75.377197265625","null","null","null","2023-04-17","2022-11-05; 2023-04-17","null","null","69"
"C98","Fatehabad","Haryana","null","29.541203564623245","75.35934448242188","null","null","null","2022-11-05","2022-11-05","null","null","62"
"C99","Fatehabad","Haryana","null","29.513720234908053","75.55160522460938","null","null","null","2023-04-17","2023-04-17","null","null","45"
"C100","Fatehabad","Haryana","null","29.517305440471745","75.684814453125","null","null","null","2022-05-09","2022-05-09; 2022-05-14","null","null","69"
"C101","Fatehabad","Haryana","null","29.2923875393859","75.27420043945312","null","null","null","2023-09-09","2023-09-09","null","null","64"
"C102","Fatehabad","Haryana","null","29.494596993903265","75.355224609375","null","null","null","2022-11-05","2022-11-05","null","null","69"
"C103","Fatehabad","Haryana","null","29.536424391519873","75.33737182617188","null","null","null","2022-11-05","2022-11-05","null","null","70"
"C104","Fatehabad","Haryana","null","29.50893976326839","75.55160522460938","null","null","null","2023-04-17","2023-04-17","null","null","52"
"C105","Fatehabad","Haryana","null","29.512525138164005","75.662841796875","null","null","null","2022-05-09","2021-01-31; 2022-05-09","null","null","70"
"C106","Fatehabad","Haryana","null","29.287596650313468","75.25222778320312","null","null","null","2023-09-09","2023-09-09","null","null","65"
"C107","Fatehabad","Haryana","null","29.494596993903265","75.377197265625","null","null","null","2023-04-17","2022-11-05; 2023-04-17","null","null","70"
"C108","Fatehabad","Haryana","null","29.536424391519873","75.35934448242188","null","null","null","2022-11-05","2022-11-05","null","null","52"
"C109","Fatehabad","Haryana","null","29.50893976326839","75.57357788085938","null","null","null","2021-04-29","2021-04-29","null","null","39"
"C110","Fatehabad","Haryana","null","29.512525138164005","75.684814453125","null","null","null","2022-05-14","2022-05-14","null","null","68"
"C111","Fatehabad","Haryana","null","29.287596650313468","75.26870727539062","null","null","null","2023-09-09","2023-09-09","null","null","64"
"C112","Fatehabad","Haryana","null","29.489815619374944","75.355224609375","null","null","null","2022-11-05","2022-11-05","null","null","64"
"C113","Fatehabad","Haryana","null","29.531644992530452","75.33737182617188","null","null","null","2022-11-05","2022-11-05","null","null","65"
"C114","Fatehabad","Haryana","null","29.504159065872628","75.55160522460938","null","null","null","2023-04-17","2023-04-17","null","null","51"
"C115","Fatehabad","Haryana","null","29.507744610083193","75.662841796875","null","null","null","2021-01-31","2021-01-31; 2022-05-09","null","null","69"
"C116","Fatehabad","Haryana","null","29.287596650313468","75.27420043945312","null","null","null","2023-09-09","2023-09-09","null","null","70"
"C117","Fatehabad","Haryana","null","29.489815619374944","75.377197265625","null","null","null","2023-04-17","2022-11-05; 2023-04-17","null","null","70"
"C118","Fatehabad","Haryana","null","29.531644992530452","75.35934448242188","null","null","null","2022-11-05","2022-11-05","null","null","69"
"C119","Fatehabad","Haryana","null","29.504159065872628","75.55709838867188","null","null","null","2021-04-29","2023-04-17; 2021-04-29","null","null","38"
"C120","Fatehabad","Haryana","null","29.507744610083193","75.684814453125","null","null","null","2022-05-14","2022-05-14","null","null","65"
"C121","Fatehabad","Haryana","null","29.311548848196015","75.24673461914062","null","null","null","2020-11-18","2020-11-18","null","null","68"
"C122","Fatehabad","Haryana","null","29.485034019181064","75.355224609375","null","null","null","2022-11-05","2022-10-22; 2022-11-05","null","null","70"
"C123","Fatehabad","Haryana","null","29.52686536767757","75.33737182617188","null","null","null","2022-11-05","2022-11-05","null","null","70"
"C124","Fatehabad","Haryana","null","29.504159065872628","75.56259155273438","null","null","null","2021-04-29","2021-04-29","null","null","63"
"C125","Fatehabad","Haryana","null","29.502963856251945","75.662841796875","null","null","null","2021-01-31","2021-01-31","null","null","50"
"C126","Fatehabad","Haryana","null","29.311548848196015","75.26321411132812","null","null","null","2020-11-18","2020-11-18; 2023-09-09","null","null","8"
"C127","Fatehabad","Haryana","null","29.485034019181064","75.377197265625","null","null","null","2023-04-17","2023-04-17","null","null","66"
"C128","Fatehabad","Haryana","null","29.52686536767757","75.35934448242188","null","null","null","2022-11-05","2022-11-05","null","null","59"
"C129","Fatehabad","Haryana","null","29.504159065872628","75.56808471679688","null","null","null","2021-04-29","2021-04-29","null","null","63"
"C130","Fatehabad","Haryana","null","29.502963856251945","75.6683349609375","null","null","null","2022-05-14","2021-01-31; 2022-05-14","null","null","49"
"C131","Fatehabad","Haryana","null","29.311548848196015","75.26870727539062","null","null","null","2023-09-09","2020-11-18; 2023-09-09","null","null","59"
"C132","Fatehabad","Haryana","null","29.48025219334425","75.355224609375","null","null","null","2022-10-22","2022-10-22; 2022-11-05","null","null","70"
"C133","Fatehabad","Haryana","null","29.522085516983797","75.33737182617188","null","null","null","2022-11-05","2022-11-05","null","null","64"
"C134","Fatehabad","Haryana","null","29.504159065872628","75.57357788085938","null","null","null","2021-04-29","2021-04-29","null","null","57"
"C135","Fatehabad","Haryana","null","29.502963856251945","75.673828125","null","null","null","2022-05-14","2022-05-14","null","null","66"
"C136","Fatehabad","Haryana","null","29.311548848196015","75.27420043945312","null","null","null","2023-09-09","2020-11-18; 2023-09-09","null","null","62"
"C137","Fatehabad","Haryana","null","29.48025219334425","75.3607177734375","null","null","null","2022-10-22","2022-10-22; 2022-11-05","null","null","67"
"C138","Fatehabad","Haryana","null","29.522085516983797","75.34286499023438","null","null","null","2022-11-05","2022-11-05","null","null","57"
"C139","Fatehabad","Haryana","null","29.528060295064257","75.54611206054688","null","null","null","2023-04-17","2023-04-17","null","null","63"
"C140","Fatehabad","Haryana","null","29.502963856251945","75.6793212890625","null","null","null","2022-05-14","2022-05-14","null","null","68"
"C141","Kaithal","Haryana","null","29.79060055095946","76.57196044921875","null","null","null","2022-10-24","2022-10-24","null","null","63"
"C142","Kaithal","Haryana","null","29.795367663209294","76.57196044921875","null","null","null","2022-10-24","2022-10-24","null","null","51"
"C143","Kaithal","Haryana","null","29.79060055095946","76.56646728515625","null","null","null","2022-10-24","2022-10-24","null","null","57"
"C144","Kaithal","Haryana","null","29.79060055095946","76.57745361328125","null","null","null","2022-10-24","2022-10-24","null","null","60"
"C145","Kaithal","Haryana","null","29.785833211631733","76.57196044921875","null","null","null","2022-10-24","2022-10-24","null","null","70"
"C146","Kaithal","Haryana","null","29.795367663209294","76.56646728515625","null","null","null","2022-10-24","2022-10-24","null","null","35"
"C147","Kaithal","Haryana","null","29.795367663209294","76.57745361328125","null","null","null","2022-10-24","2022-10-24","null","null","68"
"C148","Kaithal","Haryana","null","29.785833211631733","76.56646728515625","null","null","null","2022-10-24","2022-10-24","null","null","46"
"C149","Kaithal","Haryana","null","29.785833211631733","76.57745361328125","null","null","null","2022-10-24","2022-10-24","null","null","70"
"C150","Kaithal","Haryana","null","29.800134548359047","76.57196044921875","null","null","null","2022-10-24","2022-10-24","null","null","39"
"C151","Kaithal","Haryana","null","29.79060055095946","76.56097412109375","null","null","null","2022-10-24","2022-10-24","null","null","60"
"C152","Kaithal","Haryana","null","29.79060055095946","76.58294677734375","null","null","null","2022-10-24","2022-10-24","null","null","57"
"C153","Kaithal","Haryana","null","29.7810656452483","76.57196044921875","null","null","null","2022-10-24","2022-10-24","null","null","70"
"C154","Kaithal","Haryana","null","29.800134548359047","76.56646728515625","null","null","null","2022-10-24","2022-10-24","null","null","45"
"C155","Kaithal","Haryana","null","29.800134548359047","76.57745361328125","null","null","null","2022-10-24","2022-10-24","null","null","35"
"C156","Kaithal","Haryana","null","29.795367663209294","76.56097412109375","null","null","null","2022-10-24","2022-10-24","null","null","59"
"C157","Kaithal","Haryana","null","29.795367663209294","76.58294677734375","null","null","null","2022-10-24","2022-10-24","null","null","55"
"C158","Kaithal","Haryana","null","29.785833211631733","76.56097412109375","null","null","null","2022-10-24","2022-10-24","null","null","64"
"C159","Kaithal","Haryana","null","29.785833211631733","76.58294677734375","null","null","null","2022-10-24","2022-10-24","null","null","69"
"C160","Kaithal","Haryana","null","29.7810656452483","76.56646728515625","null","null","null","2022-10-24","2022-10-24","null","null","41"
"C161","Kaithal","Haryana","null","30.142752031075375","76.34674072265625","null","null","null","2018-11-15","2018-11-15","null","null","41"
"C162","Kaithal","Haryana","null","30.142752031075375","76.35223388671875","null","null","null","2018-11-15","2018-11-15","null","null","49"
"C163","Kaithal","Haryana","null","30.138001554951906","76.35223388671875","null","null","null","2018-11-15","2018-11-15","null","null","69"
"C164","Kaithal","Haryana","null","30.142752031075375","76.35772705078125","null","null","null","2018-11-15","2018-11-15","null","null","70"
"C165","Kaithal","Haryana","null","30.138001554951906","76.35772705078125","null","null","null","2018-11-15","2018-11-15","null","null","64"
"C166","Kaithal","Haryana","null","30.099989515377832","76.33575439453125","null","null","null","2020-10-20","2020-10-20","null","null","46"
"C167","Kaithal","Haryana","null","30.099989515377832","76.33026123046875","null","null","null","2020-10-20","2020-10-20","null","null","54"
"C168","Kaithal","Haryana","null","30.099989515377832","76.32476806640625","null","null","null","2020-10-20","2020-10-20","null","null","65"
"C169","Kaithal","Haryana","null","30.1094938967323","76.30828857421875","null","null","null","2020-10-20","2020-10-20","null","null","58"
"C170","Kaithal","Haryana","null","30.104741820318175","76.31378173828125","null","null","null","2020-10-20","2020-10-20","null","null","70"
"C171","Kaithal","Haryana","null","30.095236981932988","76.33575439453125","null","null","null","2020-10-20","2020-10-20","null","null","48"
"C172","Kaithal","Haryana","null","30.099989515377832","76.31927490234375","null","null","null","2020-10-20","2020-10-20","null","null","60"
"C181","Kaithal","Haryana","null","29.556734316910863","76.49505615234375","null","null","null","2018-10-28","2018-10-28","null","null","61"
"C182","Kaithal","Haryana","null","29.561512529746746","76.49505615234375","null","null","null","2018-10-28","2018-10-28","null","null","71"
"C183","Kaithal","Haryana","null","29.556734316910863","76.50054931640625","null","null","null","2018-10-28","2018-10-28","null","null","68"
"C201","Kaithal","Haryana","null","29.919232804842153","76.74224853515625","null","null","null","2021-11-25","2021-11-25","null","null","68"
"C202","Kaithal","Haryana","null","29.919232804842153","76.73675537109375","null","null","null","2021-11-25","2021-11-25","null","null","69"
"C221","Kaithal","Haryana","null","29.652255607121887","76.61590576171875","null","null","null","2022-10-24","2022-10-24","null","null","70"
"C222","Kaithal","Haryana","null","29.657029295594732","76.61590576171875","null","null","null","2022-10-24","2022-10-24","null","null","70"
"C241","Kaithal","Haryana","null","29.723837146389066","76.44561767578125","null","null","null","2020-10-14","2020-10-14; 2021-11-20","null","null","70"
"C242","Kaithal","Haryana","null","29.728607435707495","76.44561767578125","null","null","null","2021-11-20","2021-11-20","null","null","70"
"C261","Kaithal","Haryana","null","29.80966763726961","76.70379638671875","null","null","null","2020-11-18","2020-11-18","null","null","70"
"C262","Kaithal","Haryana","null","29.814433840986084","76.70379638671875","null","null","null","2020-11-18","2020-11-18","null","null","70"
"C280","Kaithal","Haryana","null","29.885899621696247","76.50054931640625","null","null","null","2022-10-24","2022-10-24","null","null","70"
"C281","Kaithal","Haryana","null","29.885899621696247","76.50604248046875","null","null","null","2022-10-24","2022-10-24","null","null","68"
"C299","Karnal","Haryana","null","29.75722440827267","76.83013916015625","null","null","null","2021-10-10","2021-10-10","null","null","64"
"C300","Karnal","Haryana","null","29.761993109601534","76.83013916015625","null","null","null","2021-10-10","2021-10-10","null","null","54"
"C301","Karnal","Haryana","null","29.766761583985755","76.83013916015625","null","null","null","2021-10-10","2021-10-10","null","null","54"
"C302","Karnal","Haryana","null","29.766761583985755","76.82464599609375","null","null","null","2021-10-10","2021-10-10","null","null","60"
"C303","Karnal","Haryana","null","29.771529831403104","76.83013916015625","null","null","null","2021-10-10","2021-10-10","null","null","51"
"C304","Karnal","Haryana","null","29.771529831403104","76.82464599609375","null","null","null","2021-10-10","2021-10-10","null","null","60"
"C319","Karnal","Haryana","null","29.928754522717004","77.21466064453125","null","null","null","2022-10-31","2022-10-31","null","null","35"
"C320","Karnal","Haryana","null","29.928754522717004","77.20916748046875","null","null","null","2022-10-31","2022-10-31","null","null","58"
"C321","Karnal","Haryana","null","29.9239937776277","77.20916748046875","null","null","null","2022-10-31","2022-10-31","null","null","64"
"C322","Karnal","Haryana","null","29.928754522717004","77.20367431640625","null","null","null","2022-10-31","2022-10-31","null","null","67"
"C323","Karnal","Haryana","null","29.933515040088086","77.20367431640625","null","null","null","2022-10-31","2022-10-31","null","null","68"
"C324","Karnal","Haryana","null","29.9239937776277","77.20367431640625","null","null","null","2022-10-31","2022-10-31","null","null","59"
"C339","Karnal","Haryana","null","29.556734316910863","76.53350830078125","null","null","null","2020-10-11","2020-10-11","null","null","70"
"C340","Karnal","Haryana","null","29.561512529746746","76.53350830078125","null","null","null","2020-10-11","2020-10-11","null","null","68"
"C341","Karnal","Haryana","null","29.561512529746746","76.53900146484375","null","null","null","2020-10-11","2020-10-11","null","null","69"
"C342","Karnal","Haryana","null","29.566290516578164","76.53350830078125","null","null","null","2020-10-11","2020-10-11","null","null","70"
"C343","Karnal","Haryana","null","29.566290516578164","76.53900146484375","null","null","null","2020-10-11","2020-10-11","null","null","65"
"C344","Karnal","Haryana","null","29.566290516578164","76.54449462890625","null","null","null","2020-10-11","2020-10-11","null","null","55"
"C359","Karnal","Haryana","null","29.652255607121887","77.13226318359375","null","null","null","2021-10-10","2021-10-10","null","null","39"
"C360","Karnal","Haryana","null","29.657029295594732","77.13226318359375","null","null","null","2021-10-10","2021-10-10","null","null","15"
"C361","Karnal","Haryana","null","29.652255607121887","77.12677001953125","null","null","null","2021-10-10","2021-10-10","null","null","9"
"C362","Karnal","Haryana","null","29.657029295594732","77.12677001953125","null","null","null","2021-10-10","2021-10-10","null","null","20"
"C363","Karnal","Haryana","null","29.647481692217646","77.12677001953125","null","null","null","2021-10-10","2021-10-10","null","null","30"
"C364","Karnal","Haryana","null","29.66180275761378","77.13226318359375","null","null","null","2021-10-10","2021-10-10","null","null","34"
"C379","Karnal","Haryana","null","29.556734316910863","76.75872802734375","null","null","null","2020-11-18","2020-11-18","null","null","54"
"C380","Karnal","Haryana","null","29.556734316910863","76.75323486328125","null","null","null","2020-11-18","2020-11-18","null","null","60"
"C381","Karnal","Haryana","null","29.561512529746746","76.75323486328125","null","null","null","2020-11-18","2020-11-18","null","null","65"
"C382","Karnal","Haryana","null","29.556734316910863","76.74774169921875","null","null","null","2020-11-18","2020-11-18","null","null","65"
"C383","Karnal","Haryana","null","29.566290516578164","76.75323486328125","null","null","null","2020-11-18","2020-11-18","null","null","68"
"C384","Karnal","Haryana","null","29.561512529746746","76.74774169921875","null","null","null","2020-11-18","2020-11-18","null","null","70"
"C399","Karnal","Haryana","null","29.89066218773949","76.69830322265625","null","null","null","2020-11-18","2020-11-18","null","null","70"
"C400","Karnal","Haryana","null","29.885899621696247","76.69830322265625","null","null","null","2020-11-18","2020-11-18","null","null","70"
"C401","Karnal","Haryana","null","29.881136828132842","76.69830322265625","null","null","null","2020-11-18","2020-11-18","null","null","51"
"C402","Karnal","Haryana","null","29.881136828132842","76.70379638671875","null","null","null","2020-11-18","2020-11-18; 2021-11-25","null","null","67"
"C403","Karnal","Haryana","null","29.881136828132842","76.70928955078125","null","null","null","2020-11-18","2020-11-18; 2021-11-25","null","null","70"
"C419","Karnal","Haryana","null","29.800134548359047","77.03338623046875","null","null","null","2021-10-10","2021-10-10","null","null","55"
"C420","Karnal","Haryana","null","29.800134548359047","77.03887939453125","null","null","null","2021-10-10","2021-10-10","null","null","38"
"C421","Karnal","Haryana","null","29.800134548359047","77.04437255859375","null","null","null","2021-10-10","2021-10-10","null","null","70"
"C422","Karnal","Haryana","null","29.800134548359047","77.04986572265625","null","null","null","2021-10-10","2021-10-10","null","null","66"
"C423","Karnal","Haryana","null","29.800134548359047","77.05535888671875","null","null","null","2021-10-10","2021-10-10","null","null","67"
"C438","Karnal","Haryana","null","29.623608722009756","76.64886474609375","null","null","null","2020-11-18","2020-11-18; 2021-11-28","null","null","70"
"C439","Karnal","Haryana","null","29.623608722009756","76.65435791015625","null","null","null","2020-11-18","2020-11-18; 2021-11-28","null","null","70"
"C440","Karnal","Haryana","null","29.618833448987818","76.64886474609375","null","null","null","2020-11-18","2020-11-18","null","null","70"
"C441","Karnal","Haryana","null","29.618833448987818","76.64337158203125","null","null","null","2020-11-18","2020-11-18","null","null","64"
"C442","Karnal","Haryana","null","29.618833448987818","76.65435791015625","null","null","null","2020-11-18","2020-11-18","null","null","67"
"C457","Ludhiana","Punjab","null","30.78667724943695","75.91278076171875","null","null","null","2022-10-02","2022-10-02","null","null","37"
"C458","Ludhiana","Punjab","null","30.78667724943695","75.91827392578125","null","null","null","2022-10-02","2022-10-02","null","null","26"
"C459","Ludhiana","Punjab","null","30.781958072109553","75.91278076171875","null","null","null","2022-10-02","2022-10-02","null","null","47"
"C460","Ludhiana","Punjab","null","30.781958072109553","75.91827392578125","null","null","null","2022-10-02","2022-10-02","null","null","41"
"C461","Ludhiana","Punjab","null","30.78667724943695","75.92376708984375","null","null","null","2022-10-02","2022-10-02","null","null","41"
"C462","Ludhiana","Punjab","null","30.777238663227408","75.91278076171875","null","null","null","2022-10-02","2022-10-02","null","null","39"
"C477","Ludhiana","Punjab","null","30.98467333070845","75.36346435546875","null","null","null","2022-11-02","2022-11-02","null","null","53"
"C478","Ludhiana","Punjab","null","30.98467333070845","75.36895751953125","null","null","null","2022-11-02","2022-11-02","null","null","68"
"C479","Ludhiana","Punjab","null","30.979963897240093","75.36895751953125","null","null","null","2022-11-02","2022-11-02","null","null","70"
"C480","Ludhiana","Punjab","null","30.98467333070845","75.37445068359375","null","null","null","2022-11-02","2022-11-02","null","null","61"
"C481","Ludhiana","Punjab","null","30.979963897240093","75.37445068359375","null","null","null","2022-11-02","2022-11-02","null","null","60"
"C482","Ludhiana","Punjab","null","30.975254231355844","75.37445068359375","null","null","null","2022-11-02","2022-11-02","null","null","47"
"C497","Ludhiana","Punjab","null","30.56462594065099","76.10504150390625","null","null","null","2022-11-28","2022-11-28","null","null","70"
"C498","Ludhiana","Punjab","null","30.569355748003836","76.10504150390625","null","null","null","2022-11-28","2022-11-28","null","null","68"
"C499","Ludhiana","Punjab","null","30.56462594065099","76.09954833984375","null","null","null","2022-11-28","2022-11-28","null","null","50"
"C500","Ludhiana","Punjab","null","30.569355748003836","76.09954833984375","null","null","null","2022-11-28","2022-11-28","null","null","50"
"C501","Ludhiana","Punjab","null","30.57408532473883","76.10504150390625","null","null","null","2022-11-28","2022-11-28","null","null","45"
"C502","Ludhiana","Punjab","null","30.57408532473883","76.09954833984375","null","null","null","2022-11-28","2022-11-28","null","null","34"
"C517","Ludhiana","Punjab","null","30.965834202421142","75.67657470703125","null","null","null","2022-11-02","2022-11-02","null","null","34"
"C518","Ludhiana","Punjab","null","30.965834202421142","75.67108154296875","null","null","null","2022-11-02","2022-11-02","null","null","39"
"C519","Ludhiana","Punjab","null","30.970544333076077","75.67108154296875","null","null","null","2022-11-02","2022-11-02","null","null","23"
"C520","Ludhiana","Punjab","null","30.961123839411407","75.67108154296875","null","null","null","2022-11-02","2022-11-02","null","null","44"
"C521","Ludhiana","Punjab","null","30.965834202421142","75.66558837890625","null","null","null","2022-11-02","2022-11-02","null","null","45"
"C522","Ludhiana","Punjab","null","30.975254231355844","75.67108154296875","null","null","null","2022-11-02","2022-11-02","null","null","15"
"C537","Ludhiana","Punjab","null","30.98938253174058","76.04461669921875","null","null","null","2022-11-02","2022-11-02","null","null","59"
"C538","Ludhiana","Punjab","null","30.98938253174058","76.03912353515625","null","null","null","2022-11-02","2022-11-02","null","null","30"
"C539","Ludhiana","Punjab","null","30.98467333070845","76.04461669921875","null","null","null","2022-11-02","2022-11-02","null","null","57"
"C540","Ludhiana","Punjab","null","30.98467333070845","76.03912353515625","null","null","null","2022-11-02","2022-11-02","null","null","13"
"C541","Ludhiana","Punjab","null","30.98938253174058","76.03363037109375","null","null","null","2022-11-02","2022-11-02","null","null","10"
"C542","Ludhiana","Punjab","null","30.979963897240093","76.04461669921875","null","null","null","2022-11-02","2022-11-02","null","null","67"
"C557","Ludhiana","Punjab","null","30.748917348441967","76.12152099609375","null","null","null","2022-11-28","2022-11-28","null","null","41"
"C558","Ludhiana","Punjab","null","30.753638146218574","76.12152099609375","null","null","null","2022-11-28","2022-11-28","null","null","70"
"C559","Ludhiana","Punjab","null","30.748917348441967","76.11602783203125","null","null","null","2022-11-28","2022-11-28","null","null","38"
"C560","Ludhiana","Punjab","null","30.744196319255355","76.12152099609375","null","null","null","2022-11-28","2022-11-28","null","null","68"
"C561","Ludhiana","Punjab","null","30.753638146218574","76.11602783203125","null","null","null","2022-11-28","2022-11-28","null","null","70"
"C577","Ludhiana","Punjab","null","30.61664113409119","75.91827392578125","null","null","null","2022-10-02","2022-10-02","null","null","67"
"C578","Ludhiana","Punjab","null","30.621368403494955","75.91827392578125","null","null","null","2022-10-02","2022-10-02","null","null","36"
"C579","Ludhiana","Punjab","null","30.61664113409119","75.92376708984375","null","null","null","2022-10-02","2022-10-02","null","null","67"
"C580","Ludhiana","Punjab","null","30.61191363386011","75.91827392578125","null","null","null","2022-10-02","2022-10-02","null","null","58"
"C581","Ludhiana","Punjab","null","30.621368403494955","75.92376708984375","null","null","null","2022-10-02","2022-10-02","null","null","70"
"C596","Ludhiana","Punjab","null","30.914007434286308","75.51727294921875","null","null","null","2022-11-02","2022-11-02","null","null","45"
"C597","Ludhiana","Punjab","null","30.918720119722185","75.51727294921875","null","null","null","2022-11-02","2022-11-02","null","null","50"
"C598","Ludhiana","Punjab","null","30.914007434286308","75.51177978515625","null","null","null","2022-11-02","2022-11-02","null","null","34"
"C599","Ludhiana","Punjab","null","30.914007434286308","75.52276611328125","null","null","null","2022-11-02","2022-11-02","null","null","42"
"C600","Ludhiana","Punjab","null","30.918720119722185","75.51177978515625","null","null","null","2022-11-02","2022-11-02","null","null","41"
"C615","Sangrur","Punjab","null","30.49365117050588","76.00067138671875","null","null","null","2022-11-28","2022-11-28","null","null","63"
"C616","Sangrur","Punjab","null","30.498384434603768","76.00067138671875","null","null","null","2022-11-28","2022-11-28","null","null","44"
"C617","Sangrur","Punjab","null","30.49365117050588","75.99517822265625","null","null","null","2022-11-28","2022-11-28","null","null","52"
"C618","Sangrur","Punjab","null","30.49365117050588","76.00616455078125","null","null","null","2022-11-28","2022-11-28","null","null","50"
"C619","Sangrur","Punjab","null","30.488917676126835","76.00067138671875","null","null","null","2022-11-28","2022-11-28","null","null","48"
"C620","Sangrur","Punjab","null","30.498384434603768","75.99517822265625","null","null","null","2022-11-28","2022-11-28","null","null","62"
"C635","Sangrur","Punjab","null","30.171250084367482","76.05010986328125","null","null","null","2020-10-03","2020-10-03","null","null","70"
"C636","Sangrur","Punjab","null","30.17599895913958","76.05010986328125","null","null","null","2020-10-03","2020-10-03","null","null","68"
"C637","Sangrur","Punjab","null","30.180747605060755","76.05010986328125","null","null","null","2020-10-03","2020-10-03","null","null","70"
"C638","Sangrur","Punjab","null","30.194992169502914","76.05010986328125","null","null","null","2020-10-03","2020-10-03","null","null","69"
"C639","Sangrur","Punjab","null","30.19973989980458","76.05010986328125","null","null","null","2020-10-03","2020-10-03","null","null","53"
"C640","Sangrur","Punjab","null","30.19973989980458","76.05560302734375","null","null","null","2020-10-03","2020-10-03","null","null","59"
"C655","Sangrur","Punjab","null","30.60245794099959","75.91827392578125","null","null","null","2022-10-02","2022-10-02","null","null","40"
"C656","Sangrur","Punjab","null","30.60245794099959","75.92376708984375","null","null","null","2022-10-02","2022-10-02","null","null","62"
"C657","Sangrur","Punjab","null","30.597729748412025","75.91827392578125","null","null","null","2022-10-02","2022-10-02","null","null","53"
"C658","Sangrur","Punjab","null","30.597729748412025","75.91278076171875","null","null","null","2022-10-02","2022-10-02","null","null","57"
"C659","Sangrur","Punjab","null","30.597729748412025","75.92376708984375","null","null","null","2022-10-02","2022-10-02","null","null","60"
"C660","Sangrur","Punjab","null","30.593001325080845","75.91827392578125","null","null","null","2022-10-02","2022-10-02","null","null","59"
"C675","Sangrur","Punjab","null","30.270928367219","76.05010986328125","null","null","null","2020-10-03","2020-10-03","null","null","69"
"C676","Sangrur","Punjab","null","30.266184073558815","76.05560302734375","null","null","null","2020-10-03","2020-10-03","null","null","37"
"C677","Sangrur","Punjab","null","30.266184073558815","76.06109619140625","null","null","null","2020-10-03","2020-10-03","null","null","37"
"C678","Sangrur","Punjab","null","30.26143955063877","76.05560302734375","null","null","null","2020-10-03","2020-10-03","null","null","55"
"C679","Sangrur","Punjab","null","30.26143955063877","76.06109619140625","null","null","null","2020-10-03","2020-10-03","null","null","46"
"C680","Sangrur","Punjab","null","30.25669479848034","76.05560302734375","null","null","null","2020-10-03","2020-10-03","null","null","66"
"C695","Sangrur","Punjab","null","30.583543786271374","76.03912353515625","null","null","null","2022-11-28","2022-11-28","null","null","64"
"C696","Sangrur","Punjab","null","30.583543786271374","76.03363037109375","null","null","null","2022-11-28","2022-11-28","null","null","52"
"C697","Sangrur","Punjab","null","30.578814670835","76.03912353515625","null","null","null","2022-11-28","2022-11-28","null","null","60"
"C698","Sangrur","Punjab","null","30.578814670835","76.03363037109375","null","null","null","2022-11-28","2022-11-28","null","null","66"
"C699","Sangrur","Punjab","null","30.578814670835","76.04461669921875","null","null","null","2022-11-28","2022-11-28","null","null","67"
"C700","Sangrur","Punjab","null","30.583543786271374","76.02813720703125","null","null","null","2022-11-28","2022-11-28","null","null","45"
"C715","Sangrur","Punjab","null","30.422624587130837","76.05010986328125","null","null","null","2020-10-03","2020-10-03","null","null","51"
"C716","Sangrur","Punjab","null","30.441570071519454","76.05010986328125","null","null","null","2020-10-03","2020-10-03","null","null","58"
"C717","Sangrur","Punjab","null","30.441570071519454","76.05560302734375","null","null","null","2020-10-03","2020-10-03","null","null","51"
"C718","Sangrur","Punjab","null","30.446305867548084","76.05010986328125","null","null","null","2020-10-03","2020-10-03","null","null","70"
"C719","Sangrur","Punjab","null","30.446305867548084","76.05560302734375","null","null","null","2020-10-03","2020-10-03","null","null","54"
"C735","Sangrur","Punjab","null","30.522047300137647","75.91278076171875","null","null","null","2022-10-02","2022-10-02","null","null","60"
"C736","Sangrur","Punjab","null","30.526779182105784","75.91278076171875","null","null","null","2022-10-02","2022-10-02","null","null","70"
"C737","Sangrur","Punjab","null","30.522047300137647","75.91827392578125","null","null","null","2022-10-02","2022-10-02","null","null","70"
"C738","Sangrur","Punjab","null","30.517315187761874","75.91278076171875","null","null","null","2022-10-02","2022-10-02","null","null","70"
"C739","Sangrur","Punjab","null","30.526779182105784","75.91827392578125","null","null","null","2022-10-02","2022-10-02","null","null","58"
"C754","Sangrur","Punjab","null","30.517315187761874","76.07757568359375","null","null","null","2022-11-28","2022-11-28","null","null","39"
"C755","Sangrur","Punjab","null","30.522047300137647","76.07757568359375","null","null","null","2022-11-28","2022-11-28","null","null","53"
"C756","Sangrur","Punjab","null","30.517315187761874","76.07208251953125","null","null","null","2022-11-28","2022-11-28","null","null","42"
"C757","Sangrur","Punjab","null","30.512582844999528","76.07757568359375","null","null","null","2022-11-28","2022-11-28","null","null","60"
"C758","Sangrur","Punjab","null","30.522047300137647","76.07208251953125","null","null","null","2022-11-28","2022-11-28","null","null","50"
"C773","Patiala","Punjab","null","30.31835868981386","76.51702880859375","null","null","null","2022-10-05","2022-10-05","null","null","70"
"C774","Patiala","Punjab","null","30.32310046020165","76.51702880859375","null","null","null","2022-10-05","2022-10-05","null","null","70"
"C775","Patiala","Punjab","null","30.31835868981386","76.52252197265625","null","null","null","2022-10-05","2022-10-05","null","null","70"
"C776","Patiala","Punjab","null","30.313616689930683","76.51702880859375","null","null","null","2022-10-05","2022-10-05","null","null","70"
"C777","Patiala","Punjab","null","30.32310046020165","76.52252197265625","null","null","null","2022-10-05","2022-10-05","null","null","70"
"C778","Patiala","Punjab","null","30.313616689930683","76.52252197265625","null","null","null","2022-10-05","2022-10-05","null","null","70"
"C793","Patiala","Punjab","null","30.526779182105784","76.09405517578125","null","null","null","2022-11-28","2022-11-28","null","null","38"
"C794","Patiala","Punjab","null","30.526779182105784","76.09954833984375","null","null","null","2022-11-28","2022-11-28","null","null","41"
"C795","Patiala","Punjab","null","30.522047300137647","76.09405517578125","null","null","null","2022-11-28","2022-11-28","null","null","63"
"C796","Patiala","Punjab","null","30.522047300137647","76.09954833984375","null","null","null","2022-11-28","2022-11-28","null","null","55"
"C797","Patiala","Punjab","null","30.517315187761874","76.09405517578125","null","null","null","2022-11-28","2022-11-28","null","null","60"
"C798","Patiala","Punjab","null","30.522047300137647","76.10504150390625","null","null","null","2022-11-28","2022-11-28","null","null","37"
"C813","Patiala","Punjab","null","30.60718590282259","76.78070068359375","null","null","null","2023-11-15","2023-11-15","null","null","70"
"C814","Patiala","Punjab","null","30.60245794099959","76.78070068359375","null","null","null","2023-11-15","2023-11-15","null","null","71"
"C815","Patiala","Punjab","null","30.583543786271374","76.76971435546875","null","null","null","2023-11-15","2023-11-15","null","null","70"
"C816","Patiala","Punjab","null","30.583543786271374","76.76422119140625","null","null","null","2023-11-15","2023-11-15","null","null","70"
"C817","Patiala","Punjab","null","30.578814670835","76.76971435546875","null","null","null","2023-11-15","2023-11-15","null","null","70"
"C818","Patiala","Punjab","null","30.583543786271374","76.75872802734375","null","null","null","2023-11-15","2023-11-15","null","null","70"
"C833","Patiala","Punjab","null","30.171250084367482","76.06109619140625","null","null","null","2020-10-03","2020-10-03","null","null","67"
"C834","Patiala","Punjab","null","30.17599895913958","76.06109619140625","null","null","null","2020-10-03","2020-10-03","null","null","58"
"C835","Patiala","Punjab","null","30.17599895913958","76.06658935546875","null","null","null","2020-10-03","2020-10-03","null","null","65"
"C836","Patiala","Punjab","null","30.180747605060755","76.06109619140625","null","null","null","2020-10-03","2020-10-03","null","null","67"
"C837","Patiala","Punjab","null","30.180747605060755","76.06658935546875","null","null","null","2020-10-03","2020-10-03","null","null","61"
"C838","Patiala","Punjab","null","30.17599895913958","76.07208251953125","null","null","null","2020-10-03","2020-10-03","null","null","67"
"C853","Patiala","Punjab","null","30.1094938967323","76.33575439453125","null","null","null","2020-10-20","2020-10-20","null","null","61"
"C854","Patiala","Punjab","null","30.1094938967323","76.33026123046875","null","null","null","2020-10-20","2020-10-20","null","null","41"
"C855","Patiala","Punjab","null","30.114245744598513","76.33026123046875","null","null","null","2020-10-20","2020-10-20","null","null","57"
"C856","Patiala","Punjab","null","30.11899736389511","76.33575439453125","null","null","null","2020-10-20","2020-10-20","null","null","70"
"C857","Patiala","Punjab","null","30.1094938967323","76.32476806640625","null","null","null","2020-10-20","2020-10-20","null","null","55"
"C858","Patiala","Punjab","null","30.11899736389511","76.33026123046875","null","null","null","2020-10-20","2020-10-20","null","null","67"
"C873","Patiala","Punjab","null","30.351546261929037","76.05010986328125","null","null","null","2020-10-03","2020-10-03","null","null","71"
"C874","Patiala","Punjab","null","30.346805868962072","76.05010986328125","null","null","null","2020-10-03","2020-10-03","null","null","59"
"C875","Patiala","Punjab","null","30.342065246371625","76.05010986328125","null","null","null","2020-10-03","2020-10-03","null","null","66"
"C876","Patiala","Punjab","null","30.379983796443764","76.05010986328125","null","null","null","2020-10-03","2020-10-03","null","null","54"
"C877","Patiala","Punjab","null","30.384722581449587","76.05010986328125","null","null","null","2020-10-03","2020-10-03","null","null","52"
"C892","Patiala","Punjab","null","30.621368403494955","76.64337158203125","null","null","null","2023-11-15","2023-11-15","null","null","70"
"C893","Patiala","Punjab","null","30.621368403494955","76.64886474609375","null","null","null","2023-11-15","2023-11-15","null","null","70"
"C894","Patiala","Punjab","null","30.61664113409119","76.64337158203125","null","null","null","2023-11-15","2023-11-15","null","null","70"
"C895","Patiala","Punjab","null","30.61664113409119","76.64886474609375","null","null","null","2023-11-15","2023-11-15","null","null","64"
"C896","Patiala","Punjab","null","30.61191363386011","76.64337158203125","null","null","null","2023-11-15","2023-11-15","null","null","70"
"C911","Patiala","Punjab","null","30.19973989980458","76.30279541015625","null","null","null","2020-10-20","2020-10-20","null","null","58"
"C912","Patiala","Punjab","null","30.19973989980458","76.30828857421875","null","null","null","2020-10-20","2020-10-20","null","null","59"
"C913","Patiala","Punjab","null","30.194992169502914","76.30279541015625","null","null","null","2020-10-20","2020-10-20","null","null","56"
"C914","Patiala","Punjab","null","30.194992169502914","76.30828857421875","null","null","null","2020-10-20","2020-10-20","null","null","43"
"C915","Patiala","Punjab","null","30.19973989980458","76.31378173828125","null","null","null","2020-10-20","2020-10-20","null","null","67"
"C930","Bathinda","Punjab","null","30.398937557618684","75.27008056640625","null","null","null","2021-11-25","2021-11-25","null","null","53"
"C931","Bathinda","Punjab","null","30.403675423321395","75.27008056640625","null","null","null","2021-11-25","2021-11-25","null","null","41"
"C932","Bathinda","Punjab","null","30.398937557618684","75.26458740234375","null","null","null","2021-11-25","2021-11-25","null","null","57"
"C933","Bathinda","Punjab","null","30.398937557618684","75.27557373046875","null","null","null","2021-11-25","2021-11-25","null","null","47"
"C934","Bathinda","Punjab","null","30.394199462058303","75.27008056640625","null","null","null","2021-11-25","2021-11-25","null","null","53"
"C935","Bathinda","Punjab","null","30.403675423321395","75.26458740234375","null","null","null","2021-11-25","2021-11-25","null","null","43"
"C936","Bathinda","Punjab","null","30.403675423321395","75.27557373046875","null","null","null","2021-11-25","2021-11-25","null","null","33"
"C937","Bathinda","Punjab","null","30.394199462058303","75.26458740234375","null","null","null","2021-11-25","2021-11-25","null","null","43"
"C951","Bathinda","Punjab","null","29.97634944548546","75.27557373046875","null","null","null","2022-11-05","2022-11-05","null","null","54"
"C952","Bathinda","Punjab","null","29.981107684467236","75.27557373046875","null","null","null","2022-11-05","2022-11-05","null","null","67"
"C953","Bathinda","Punjab","null","29.995381033568123","75.27557373046875","null","null","null","2022-11-05","2022-11-05","null","null","59"
"C954","Bathinda","Punjab","null","30.00013836058067","75.27557373046875","null","null","null","2022-11-05","2022-11-05","null","null","61"
"C955","Bathinda","Punjab","null","30.004895459546226","75.27557373046875","null","null","null","2022-11-05","2022-11-05","null","null","56"
"C956","Bathinda","Punjab","null","30.004895459546226","75.28106689453125","null","null","null","2022-11-05","2022-11-05","null","null","54"
"C957","Bathinda","Punjab","null","30.009652330442915","75.27557373046875","null","null","null","2022-11-05","2022-11-05","null","null","56"
"C958","Bathinda","Punjab","null","30.009652330442915","75.28106689453125","null","null","null","2022-11-05","2022-11-05","null","null","64"
"C972","Bathinda","Punjab","null","30.507850271871686","75.25909423828125","null","null","null","2021-11-25","2021-11-25","null","null","39"
"C973","Bathinda","Punjab","null","30.507850271871686","75.26458740234375","null","null","null","2021-11-25","2021-11-25","null","null","43"
"C974","Bathinda","Punjab","null","30.50311746839939","75.25909423828125","null","null","null","2021-11-25","2021-11-25","null","null","50"
"C975","Bathinda","Punjab","null","30.50311746839939","75.26458740234375","null","null","null","2021-11-25","2021-11-25","null","null","49"
"C976","Bathinda","Punjab","null","30.507850271871686","75.27008056640625","null","null","null","2021-11-25","2021-11-25","null","null","31"
"C977","Bathinda","Punjab","null","30.498384434603768","75.25909423828125","null","null","null","2021-11-25","2021-11-25","null","null","43"
"C978","Bathinda","Punjab","null","30.50311746839939","75.27008056640625","null","null","null","2021-11-25","2021-11-25","null","null","62"
"C979","Bathinda","Punjab","null","30.498384434603768","75.26458740234375","null","null","null","2021-11-25","2021-11-25","null","null","34"
"C993","Bathinda","Punjab","null","30.45104143350694","75.25909423828125","null","null","null","2021-11-25","2021-11-25","null","null","51"
"C994","Bathinda","Punjab","null","30.446305867548084","75.25909423828125","null","null","null","2021-11-25","2021-11-25","null","null","40"
"C995","Bathinda","Punjab","null","30.446305867548084","75.25360107421875","null","null","null","2021-11-25","2021-11-25","null","null","59"
"C996","Bathinda","Punjab","null","30.441570071519454","75.25909423828125","null","null","null","2021-11-25","2021-11-25","null","null","70"
"C997","Bathinda","Punjab","null","30.441570071519454","75.25360107421875","null","null","null","2021-11-25","2021-11-25","null","null","47"
"C998","Bathinda","Punjab","null","30.436834045442225","75.25909423828125","null","null","null","2021-11-25","2021-11-25","null","null","53"
"C999","Bathinda","Punjab","null","30.436834045442225","75.26458740234375","null","null","null","2021-11-25","2021-11-25","null","null","53"
"C1013","Bathinda","Punjab","null","30.403675423321395","75.29205322265625","null","null","null","2021-11-25","2021-11-25","null","null","70"
"C1014","Bathinda","Punjab","null","30.403675423321395","75.28656005859375","null","null","null","2021-11-25","2021-11-25","null","null","54"
"C1015","Bathinda","Punjab","null","30.403675423321395","75.29754638671875","null","null","null","2021-11-25","2021-11-25","null","null","70"
"C1016","Bathinda","Punjab","null","30.403675423321395","75.25360107421875","null","null","null","2021-11-25","2021-11-25","null","null","59"
"C1017","Bathinda","Punjab","null","30.408413059145204","75.29205322265625","null","null","null","2021-11-25","2021-11-25","null","null","62"
"C1018","Bathinda","Punjab","null","30.408413059145204","75.28656005859375","null","null","null","2021-11-25","2021-11-25","null","null","57"
"C1019","Bathinda","Punjab","null","30.408413059145204","75.29754638671875","null","null","null","2021-11-25","2021-11-25","null","null","50"
"C1033","Bathinda","Punjab","null","30.427361303226725","75.28656005859375","null","null","null","2021-11-25","2021-11-25","null","null","63"
"C1034","Bathinda","Punjab","null","30.432097789337586","75.28656005859375","null","null","null","2021-11-25","2021-11-25","null","null","57"
"C1035","Bathinda","Punjab","null","30.427361303226725","75.28106689453125","null","null","null","2021-11-25","2021-11-25","null","null","59"
"C1036","Bathinda","Punjab","null","30.422624587130837","75.28656005859375","null","null","null","2021-11-25","2021-11-25","null","null","59"
"C1037","Bathinda","Punjab","null","30.422624587130837","75.28106689453125","null","null","null","2021-11-25","2021-11-25","null","null","68"
"C1038","Bathinda","Punjab","null","30.422624587130837","75.29205322265625","null","null","null","2021-11-25","2021-11-25","null","null","62"
"C1039","Bathinda","Punjab","null","30.422624587130837","75.27557373046875","null","null","null","2021-11-25","2021-11-25","null","null","58"
"C1087","Jalandhar","Punjab","null","31.107036956407065","75.51177978515625","null","null","null","2022-11-02","2022-11-02","null","null","70"
"C1088","Jalandhar","Punjab","null","31.111740106979674","75.51177978515625","null","null","null","2022-11-02","2022-11-02","null","null","70"
"C1089","Jalandhar","Punjab","null","31.107036956407065","75.50628662109375","null","null","null","2022-11-02","2022-11-02","null","null","64"
"C1090","Jalandhar","Punjab","null","31.107036956407065","75.51727294921875","null","null","null","2022-11-02","2022-11-02","null","null","58"
"C1091","Jalandhar","Punjab","null","31.10233357287177","75.51177978515625","null","null","null","2022-11-02","2022-11-02","null","null","70"
"C1092","Jalandhar","Punjab","null","31.111740106979674","75.50628662109375","null","null","null","2022-11-02","2022-11-02","null","null","62"
"C1107","Jalandhar","Punjab","null","31.552793227677327","75.54473876953125","null","null","null","2022-11-02","2022-11-02","null","null","53"
"C1108","Jalandhar","Punjab","null","31.548112064557","75.55023193359375","null","null","null","2022-11-02","2022-11-02","null","null","51"
"C1109","Jalandhar","Punjab","null","31.548112064557","75.55572509765625","null","null","null","2022-11-02","2022-11-02","null","null","46"
"C1110","Jalandhar","Punjab","null","31.543430666611734","75.55023193359375","null","null","null","2022-11-02","2022-11-02","null","null","67"
"C1111","Jalandhar","Punjab","null","31.543430666611734","75.55572509765625","null","null","null","2022-11-02","2022-11-02","null","null","49"
"C1112","Jalandhar","Punjab","null","31.543430666611734","75.56121826171875","null","null","null","2022-11-02","2022-11-02","null","null","36"
"C1127","Jalandhar","Punjab","null","31.083517709507188","75.92376708984375","null","null","null","2022-11-02","2022-11-02","null","null","70"
"C1128","Jalandhar","Punjab","null","31.08822202469151","75.92376708984375","null","null","null","2022-11-02","2022-11-02","null","null","70"
"C1129","Jalandhar","Punjab","null","31.083517709507188","75.91827392578125","null","null","null","2022-11-02","2022-11-02","null","null","42"
"C1130","Jalandhar","Punjab","null","31.08822202469151","75.91827392578125","null","null","null","2022-11-02","2022-11-02","null","null","57"
"C1131","Jalandhar","Punjab","null","31.07881316146105","75.91827392578125","null","null","null","2022-11-02","2022-11-02","null","null","66"
"C1132","Jalandhar","Punjab","null","31.083517709507188","75.91278076171875","null","null","null","2022-11-02","2022-11-02","null","null","60"
"C1147","Jalandhar","Punjab","null","31.045874806704497","75.24810791015625","null","null","null","2022-11-02","2022-11-02","null","null","69"
"C1148","Jalandhar","Punjab","null","31.0505809842175","75.24810791015625","null","null","null","2022-11-02","2022-11-02","null","null","68"
"C1149","Jalandhar","Punjab","null","31.0505809842175","75.25360107421875","null","null","null","2022-11-02","2022-11-02","null","null","70"
"C1150","Jalandhar","Punjab","null","31.0552869290102","75.24810791015625","null","null","null","2022-11-02","2022-11-02","null","null","42"
"C1151","Jalandhar","Punjab","null","31.045874806704497","75.25909423828125","null","null","null","2022-11-02","2022-11-02","null","null","70"
"C1152","Jalandhar","Punjab","null","31.0552869290102","75.25360107421875","null","null","null","2022-11-02","2022-11-02","null","null","62"
"C1167","Jalandhar","Punjab","null","31.30906179986621","75.46234130859375","null","null","null","2023-10-02","2023-10-02","null","null","70"
"C1168","Jalandhar","Punjab","null","31.299674869993034","75.46783447265625","null","null","null","2023-10-02","2023-10-02","null","null","44"
"C1169","Jalandhar","Punjab","null","31.238637039097664","75.44586181640625","null","null","null","2022-11-02","2022-11-02","null","null","62"
"C1170","Jalandhar","Punjab","null","31.24333365856142","75.41839599609375","null","null","null","2022-11-02","2022-11-02","null","null","64"
"C1171","Jalandhar","Punjab","null","31.23394018610982","75.44586181640625","null","null","null","2022-11-02","2022-11-02","null","null","60"
"C1172","Jalandhar","Punjab","null","31.23394018610982","75.44036865234375","null","null","null","2022-11-02","2022-11-02","null","null","54"
"C1187","Jalandhar","Punjab","null","31.477866449675872","75.74798583984375","null","null","null","2022-11-02","2022-11-02","null","null","42"
"C1188","Jalandhar","Punjab","null","31.48255113312249","75.74798583984375","null","null","null","2022-11-02","2022-11-02","null","null","44"
"C1189","Jalandhar","Punjab","null","31.477866449675872","75.74249267578125","null","null","null","2022-11-02","2022-11-02","null","null","56"
"C1190","Jalandhar","Punjab","null","31.48255113312249","75.74249267578125","null","null","null","2022-11-02","2022-11-02","null","null","64"
"C1191","Jalandhar","Punjab","null","31.487235582017455","75.74249267578125","null","null","null","2022-11-02","2022-11-02","null","null","59"
"C1206","Jalandhar","Punjab","null","31.130550379240567","75.72052001953125","null","null","null","2022-11-02","2022-11-02","null","null","44"
"C1207","Jalandhar","Punjab","null","31.130550379240567","75.71502685546875","null","null","null","2022-11-02","2022-11-02","null","null","57"
"C1208","Jalandhar","Punjab","null","31.130550379240567","75.72601318359375","null","null","null","2022-11-02","2022-11-02","null","null","41"
"C1209","Jalandhar","Punjab","null","31.125848160720043","75.72052001953125","null","null","null","2022-11-02","2022-11-02","null","null","61"
"C1210","Jalandhar","Punjab","null","31.125848160720043","75.71502685546875","null","null","null","2022-11-02","2022-11-02","null","null","70"
"C1225","Jalandhar","Punjab","null","31.201055678196848","75.31402587890625","null","null","null","2022-11-02","2022-11-02","null","null","48"
"C1226","Jalandhar","Punjab","null","31.201055678196848","75.30853271484375","null","null","null","2022-11-02","2022-11-02","null","null","54"
"C1227","Jalandhar","Punjab","null","31.201055678196848","75.31951904296875","null","null","null","2022-11-02","2022-11-02","null","null","61"
"C1228","Jalandhar","Punjab","null","31.196356957735063","75.31402587890625","null","null","null","2022-11-02","2022-11-02","null","null","70"
"C1229","Jalandhar","Punjab","null","31.196356957735063","75.30853271484375","null","null","null","2022-11-02","2022-11-02","null","null","58"
"C1244","Kapurthala","Punjab","null","31.416944229585404","75.39093017578125","null","null","null","2022-11-02","2022-11-02","null","null","55"
"C1245","Kapurthala","Punjab","null","31.4216319604196","75.39093017578125","null","null","null","2022-11-02","2022-11-02","null","null","29"
"C1246","Kapurthala","Punjab","null","31.416944229585404","75.38543701171875","null","null","null","2022-11-02","2022-11-02","null","null","34"
"C1247","Kapurthala","Punjab","null","31.416944229585404","75.39642333984375","null","null","null","2022-11-02","2022-11-02","null","null","19"
"C1248","Kapurthala","Punjab","null","31.412256264474255","75.39093017578125","null","null","null","2022-11-02","2022-11-02","null","null","52"
"C1249","Kapurthala","Punjab","null","31.4216319604196","75.38543701171875","null","null","null","2022-11-02","2022-11-02","null","null","39"
"C1264","Kapurthala","Punjab","null","31.262117800776526","75.90179443359375","null","null","null","2022-11-02","2022-11-02","null","null","70"
"C1265","Kapurthala","Punjab","null","31.262117800776526","75.89630126953125","null","null","null","2022-11-02","2022-11-02","null","null","70"
"C1266","Kapurthala","Punjab","null","31.262117800776526","75.89080810546875","null","null","null","2022-11-02","2022-11-02","null","null","70"
"C1267","Kapurthala","Punjab","null","31.266813252320702","75.89080810546875","null","null","null","2022-11-02","2022-11-02","null","null","67"
"C1268","Kapurthala","Punjab","null","31.25742211560859","75.89080810546875","null","null","null","2022-11-02","2022-11-02","null","null","65"
"C1269","Kapurthala","Punjab","null","31.2715084702212","75.89080810546875","null","null","null","2022-11-02","2022-11-02","null","null","70"
"C1284","Kapurthala","Punjab","null","31.130550379240567","75.00640869140625","null","null","null","2018-11-16","2018-11-16","null","null","4"
"C1285","Kapurthala","Punjab","null","31.13525236469773","75.00640869140625","null","null","null","2018-11-16","2018-11-16","null","null","40"
"C1286","Kapurthala","Punjab","null","31.130550379240567","75.01190185546875","null","null","null","2018-11-16","2018-11-16","null","null","15"
"C1287","Kapurthala","Punjab","null","31.139954117071454","75.00640869140625","null","null","null","2018-11-16","2018-11-16","null","null","52"
"C1288","Kapurthala","Punjab","null","31.14935692248809","75.00640869140625","null","null","null","2018-11-16","2018-11-16","null","null","3"
"C1289","Kapurthala","Punjab","null","31.14935692248809","75.01190185546875","null","null","null","2018-11-16","2018-11-16","null","null","17"
"C1304","Kapurthala","Punjab","null","31.637013986617976","75.56121826171875","null","null","null","2022-11-02","2022-11-02","null","null","70"
"C1305","Kapurthala","Punjab","null","31.632337053668728","75.56121826171875","null","null","null","2022-11-02","2022-11-02","null","null","53"
"C1306","Kapurthala","Punjab","null","31.632337053668728","75.55572509765625","null","null","null","2022-11-02","2022-11-02","null","null","54"
"C1307","Kapurthala","Punjab","null","31.632337053668728","75.56671142578125","null","null","null","2022-11-02","2022-11-02","null","null","54"
"C1308","Kapurthala","Punjab","null","31.627659885545228","75.56121826171875","null","null","null","2022-11-02","2022-11-02","null","null","50"
"C1309","Kapurthala","Punjab","null","31.627659885545228","75.55572509765625","null","null","null","2022-11-02","2022-11-02","null","null","52"
"C1324","Kapurthala","Punjab","null","31.191658003929028","75.28106689453125","null","null","null","2022-11-02","2022-11-02","null","null","63"
"C1325","Kapurthala","Punjab","null","31.196356957735063","75.28106689453125","null","null","null","2022-11-02","2022-11-02","null","null","49"
"C1326","Kapurthala","Punjab","null","31.191658003929028","75.27557373046875","null","null","null","2022-11-02","2022-11-02","null","null","43"
"C1327","Kapurthala","Punjab","null","31.191658003929028","75.28656005859375","null","null","null","2022-11-02","2022-11-02","null","null","52"
"C1328","Kapurthala","Punjab","null","31.196356957735063","75.27557373046875","null","null","null","2022-11-02","2022-11-02","null","null","52"
"C1329","Kapurthala","Punjab","null","31.196356957735063","75.28656005859375","null","null","null","2022-11-02","2022-11-02","null","null","51"
"C1344","Kapurthala","Punjab","null","31.576195520223443","75.37994384765625","null","null","null","2022-11-02","2022-11-02","null","null","58"
"C1345","Kapurthala","Punjab","null","31.576195520223443","75.38543701171875","null","null","null","2022-11-02","2022-11-02","null","null","66"
"C1346","Kapurthala","Punjab","null","31.57151553151978","75.37994384765625","null","null","null","2022-11-02","2022-11-02","null","null","44"
"C1347","Kapurthala","Punjab","null","31.57151553151978","75.37445068359375","null","null","null","2022-11-02","2022-11-02","null","null","43"
"C1348","Kapurthala","Punjab","null","31.57151553151978","75.38543701171875","null","null","null","2022-11-02","2022-11-02","null","null","53"
"C1363","Kapurthala","Punjab","null","31.262117800776526","75.44586181640625","null","null","null","2022-11-02","2022-11-02","null","null","14"
"C1364","Kapurthala","Punjab","null","31.266813252320702","75.44586181640625","null","null","null","2022-11-02","2022-11-02","null","null","70"
"C1365","Kapurthala","Punjab","null","31.262117800776526","75.44036865234375","null","null","null","2022-11-02","2022-11-02","null","null","36"
"C1366","Kapurthala","Punjab","null","31.25742211560859","75.44586181640625","null","null","null","2022-11-02","2022-11-02","null","null","61"
"C1367","Kapurthala","Punjab","null","31.266813252320702","75.44036865234375","null","null","null","2022-11-02","2022-11-02","null","null","70"
"C1382","Kapurthala","Punjab","null","31.341908687971685","75.24810791015625","null","null","null","2022-11-02","2022-11-02","null","null","66"
"C1383","Kapurthala","Punjab","null","31.34660016487165","75.24810791015625","null","null","null","2022-11-02","2022-11-02","null","null","48"
"C1384","Kapurthala","Punjab","null","31.341908687971685","75.25360107421875","null","null","null","2022-11-02","2022-11-02","null","null","52"
"C1385","Kapurthala","Punjab","null","31.34660016487165","75.25360107421875","null","null","null","2022-11-02","2022-11-02","null","null","39"
"C1386","Kapurthala","Punjab","null","31.33721697711048","75.25360107421875","null","null","null","2022-11-02","2022-11-02","null","null","62"
